<?xml version="1.0" encoding="UTF-8"?>
<project-private xmlns="http://www.netbeans.org/ns/project-private/1">
    <editor-bookmarks xmlns="http://www.netbeans.org/ns/editor-bookmarks/2" lastBookmarkId="0"/>
    <open-files xmlns="http://www.netbeans.org/ns/projectui-open-files/2">
        <group>
            <file>file:/C:/Users/matheus/Documents/NetBeansProjects/Roteiro13-4/src/roteiro13/pkg4/BinaryObserver.java</file>
            <file>file:/C:/Users/matheus/Documents/NetBeansProjects/Roteiro13-4/src/roteiro13/pkg4/Observer.java</file>
            <file>file:/C:/Users/matheus/Documents/NetBeansProjects/Roteiro13-4/src/roteiro13/pkg4/HexaObserver.java</file>
            <file>file:/C:/Users/matheus/Documents/NetBeansProjects/Roteiro13-4/src/roteiro13/pkg4/OctalObserver.java</file>
            <file>file:/C:/Users/matheus/Documents/NetBeansProjects/Roteiro13-4/src/roteiro13/pkg4/Subject.java</file>
            <file>file:/C:/Users/matheus/Documents/NetBeansProjects/Roteiro13-4/src/roteiro13/pkg4/GofObserver.java</file>
        </group>
    </open-files>
</project-private>
