<?xml version="1.0" encoding="UTF-8"?>
<project-private xmlns="http://www.netbeans.org/ns/project-private/1">
    <editor-bookmarks xmlns="http://www.netbeans.org/ns/editor-bookmarks/2" lastBookmarkId="0"/>
    <open-files xmlns="http://www.netbeans.org/ns/projectui-open-files/2">
        <group>
            <file>file:/C:/Users/matheus/Documents/NetBeansProjects/Roteiro13-2/src/roteiro13/pkg2/Memento.java</file>
            <file>file:/C:/Users/matheus/Documents/NetBeansProjects/Roteiro13-2/src/roteiro13/pkg2/Originator.java</file>
            <file>file:/C:/Users/matheus/Documents/NetBeansProjects/Roteiro13-2/src/roteiro13/pkg2/TesteMemento.java</file>
            <file>file:/C:/Users/matheus/Documents/NetBeansProjects/Roteiro13-2/src/roteiro13/pkg2/CareTaker.java</file>
        </group>
    </open-files>
</project-private>
