<?xml version="1.0" encoding="UTF-8"?>
<project-private xmlns="http://www.netbeans.org/ns/project-private/1">
    <editor-bookmarks xmlns="http://www.netbeans.org/ns/editor-bookmarks/2" lastBookmarkId="0"/>
    <open-files xmlns="http://www.netbeans.org/ns/projectui-open-files/2">
        <group>
            <file>file:/C:/Users/matheus/Documents/NetBeansProjects/Roteiro13-3/src/roteiro13/pkg3/FileLog.java</file>
            <file>file:/C:/Users/matheus/Documents/NetBeansProjects/Roteiro13-3/src/roteiro13/pkg3/ErrorLog.java</file>
            <file>file:/C:/Users/matheus/Documents/NetBeansProjects/Roteiro13-3/src/roteiro13/pkg3/Consolelog.java</file>
            <file>file:/C:/Users/matheus/Documents/NetBeansProjects/Roteiro13-3/src/roteiro13/pkg3/GofChainOfResponsability.java</file>
            <file>file:/C:/Users/matheus/Documents/NetBeansProjects/Roteiro13-3/src/roteiro13/pkg3/abstractLog.java</file>
        </group>
    </open-files>
</project-private>
